{
  "color_intrinsics": {
    "width": 1280,
    "height": 800,
    "fx": 641.60986328125,
    "fy": 640.8302001953125,
    "ppx": 650.4204711914062,
    "ppy": 405.4923400878906,
    "model": "distortion.inverse_brown_conrady",
    "coeffs": [
      -0.058480266481637955,
      0.07125396281480789,
      -0.0005899958778172731,
      0.0013729240745306015,
      -0.023965271189808846
    ]
  },
  "depth_intrinsics": {
    "width": 848,
    "height": 480,
    "fx": 427.86614990234375,
    "fy": 427.86614990234375,
    "ppx": 431.62225341796875,
    "ppy": 241.99449157714844,
    "model": "distortion.brown_conrady",
    "coeffs": [
      0.0,
      0.0,
      0.0,
      0.0,
      0.0
    ]
  },
  "depth_to_color_extrinsics_4x4": [
    [
      0.9999818801879883,
      0.005436521954834461,
      -0.0025817968416959047,
      -0.059233471751213074
    ],
    [
      -0.005447469651699066,
      0.9999760985374451,
      -0.004252398386597633,
      -0.00030179324676282704
    ],
    [
      0.0025586169213056564,
      0.004266385920345783,
      0.9999876022338867,
      0.00045478902757167816
    ],
    [
      0.0,
      0.0,
      0.0,
      1.0
    ]
  ],
  "depth_scale_m_per_unit": 0.0010000000474974513,
  "notes": "Depth PNG stores uint16 depth units. Multiply by depth_scale_m_per_unit to get meters."
}